Jun 19 2021,0,CIGAR
Jun 20 2021,1,REBUT
Jun 21 2021,2,SISSY
Jun 22 2021,3,HUMPH
Jun 23 2021,4,AWAKE
Jun 24 2021,5,BLUSH
Jun 25 2021,6,FOCAL
Jun 26 2021,7,EVADE
Jun 27 2021,8,NAVAL
Jun 28 2021,9,SERVE
Jun 29 2021,10,HEATH
Jun 30 2021,11,DWARF
Jul 01 2021,12,MODEL
Jul 02 2021,13,KARMA
Jul 03 2021,14,STINK
Jul 04 2021,15,GRADE
Jul 05 2021,16,QUIET
Jul 06 2021,17,BENCH
Jul 07 2021,18,ABATE
Jul 08 2021,19,FEIGN
Jul 09 2021,20,MAJOR
Jul 10 2021,21,DEATH
Jul 11 2021,22,FRESH
Jul 12 2021,23,CRUST
Jul 13 2021,24,STOOL
Jul 14 2021,25,COLON
Jul 15 2021,26,ABASE
Jul 16 2021,27,MARRY
Jul 17 2021,28,REACT
Jul 18 2021,29,BATTY
Jul 19 2021,30,PRIDE
Jul 20 2021,31,FLOSS
Jul 21 2021,32,HELIX
Jul 22 2021,33,CROAK
Jul 23 2021,34,STAFF
Jul 24 2021,35,PAPER
Jul 25 2021,36,UNFED
Jul 26 2021,37,WHELP
Jul 27 2021,38,TRAWL
Jul 28 2021,39,OUTDO
Jul 29 2021,40,ADOBE
Jul 30 2021,41,CRAZY
Jul 31 2021,42,SOWER
Aug 01 2021,43,REPAY
Aug 02 2021,44,DIGIT
Aug 03 2021,45,CRATE
Aug 04 2021,46,CLUCK
Aug 05 2021,47,SPIKE
Aug 06 2021,48,MIMIC
Aug 07 2021,49,POUND
Aug 08 2021,50,MAXIM
Aug 09 2021,51,LINEN
Aug 10 2021,52,UNMET
Aug 11 2021,53,FLESH
Aug 12 2021,54,BOOBY
Aug 13 2021,55,FORTH
Aug 14 2021,56,FIRST
Aug 15 2021,57,STAND
Aug 16 2021,58,BELLY
Aug 17 2021,59,IVORY
Aug 18 2021,60,SEEDY
Aug 19 2021,61,PRINT
Aug 20 2021,62,YEARN
Aug 21 2021,63,DRAIN
Aug 22 2021,64,BRIBE
Aug 23 2021,65,STOUT
Aug 24 2021,66,PANEL
Aug 25 2021,67,CRASS
Aug 26 2021,68,FLUME
Aug 27 2021,69,OFFAL
Aug 28 2021,70,AGREE
Aug 29 2021,71,ERROR
Aug 30 2021,72,SWIRL
Aug 31 2021,73,ARGUE
Sep 01 2021,74,BLEED
Sep 02 2021,75,DELTA
Sep 03 2021,76,FLICK
Sep 04 2021,77,TOTEM
Sep 05 2021,78,WOOER
Sep 06 2021,79,FRONT
Sep 07 2021,80,SHRUB
Sep 08 2021,81,PARRY
Sep 09 2021,82,BIOME
Sep 10 2021,83,LAPEL
Sep 11 2021,84,START
Sep 12 2021,85,GREET
Sep 13 2021,86,GONER
Sep 14 2021,87,GOLEM
Sep 15 2021,88,LUSTY
Sep 16 2021,89,LOOPY
Sep 17 2021,90,ROUND
Sep 18 2021,91,AUDIT
Sep 19 2021,92,LYING
Sep 20 2021,93,GAMMA
Sep 21 2021,94,LABOR
Sep 22 2021,95,ISLET
Sep 23 2021,96,CIVIC
Sep 24 2021,97,FORGE
Sep 25 2021,98,CORNY
Sep 26 2021,99,MOULT
Sep 27 2021,100,BASIC
Sep 28 2021,101,SALAD
Sep 29 2021,102,AGATE
Sep 30 2021,103,SPICY
Oct 01 2021,104,SPRAY
Oct 02 2021,105,ESSAY
Oct 03 2021,106,FJORD
Oct 04 2021,107,SPEND
Oct 05 2021,108,KEBAB
Oct 06 2021,109,GUILD
Oct 07 2021,110,ABACK
Oct 08 2021,111,MOTOR
Oct 09 2021,112,ALONE
Oct 10 2021,113,HATCH
Oct 11 2021,114,HYPER
Oct 12 2021,115,THUMB
Oct 13 2021,116,DOWRY
Oct 14 2021,117,OUGHT
Oct 15 2021,118,BELCH
Oct 16 2021,119,DUTCH
Oct 17 2021,120,PILOT
Oct 18 2021,121,TWEED
Oct 19 2021,122,COMET
Oct 20 2021,123,JAUNT
Oct 21 2021,124,ENEMA
Oct 22 2021,125,STEED
Oct 23 2021,126,ABYSS
Oct 24 2021,127,GROWL
Oct 25 2021,128,FLING
Oct 26 2021,129,DOZEN
Oct 27 2021,130,BOOZY
Oct 28 2021,131,ERODE
Oct 29 2021,132,WORLD
Oct 30 2021,133,GOUGE
Oct 31 2021,134,CLICK
Nov 01 2021,135,BRIAR
Nov 02 2021,136,GREAT
Nov 03 2021,137,ALTAR
Nov 04 2021,138,PULPY
Nov 05 2021,139,BLURT
Nov 06 2021,140,COAST
Nov 07 2021,141,DUCHY
Nov 08 2021,142,GROIN
Nov 09 2021,143,FIXER
Nov 10 2021,144,GROUP
Nov 11 2021,145,ROGUE
Nov 12 2021,146,BADLY
Nov 13 2021,147,SMART
Nov 14 2021,148,PITHY
Nov 15 2021,149,GAUDY
Nov 16 2021,150,CHILL
Nov 17 2021,151,HERON
Nov 18 2021,152,VODKA
Nov 19 2021,153,FINER
Nov 20 2021,154,SURER
Nov 21 2021,155,RADIO
Nov 22 2021,156,ROUGE
Nov 23 2021,157,PERCH
Nov 24 2021,158,RETCH
Nov 25 2021,159,WROTE
Nov 26 2021,160,CLOCK
Nov 27 2021,161,TILDE
Nov 28 2021,162,STORE
Nov 29 2021,163,PROVE
Nov 30 2021,164,BRING
Dec 01 2021,165,SOLVE
Dec 02 2021,166,CHEAT
Dec 03 2021,167,GRIME
Dec 04 2021,168,EXULT
Dec 05 2021,169,USHER
Dec 06 2021,170,EPOCH
Dec 07 2021,171,TRIAD
Dec 08 2021,172,BREAK
Dec 09 2021,173,RHINO
Dec 10 2021,174,VIRAL
Dec 11 2021,175,CONIC
Dec 12 2021,176,MASSE
Dec 13 2021,177,SONIC
Dec 14 2021,178,VITAL
Dec 15 2021,179,TRACE
Dec 16 2021,180,USING
Dec 17 2021,181,PEACH
Dec 18 2021,182,CHAMP
Dec 19 2021,183,BATON
Dec 20 2021,184,BRAKE
Dec 21 2021,185,PLUCK
Dec 22 2021,186,CRAZE
Dec 23 2021,187,GRIPE
Dec 24 2021,188,WEARY
Dec 25 2021,189,PICKY
Dec 26 2021,190,ACUTE
Dec 27 2021,191,FERRY
Dec 28 2021,192,ASIDE
Dec 29 2021,193,TAPIR
Dec 30 2021,194,TROLL
Dec 31 2021,195,UNIFY
Jan 01 2022,196,REBUS
Jan 02 2022,197,BOOST
Jan 03 2022,198,TRUSS
Jan 04 2022,199,SIEGE
Jan 05 2022,200,TIGER
Jan 06 2022,201,BANAL
Jan 07 2022,202,SLUMP
Jan 08 2022,203,CRANK
Jan 09 2022,204,GORGE
Jan 10 2022,205,QUERY
Jan 11 2022,206,DRINK
Jan 12 2022,207,FAVOR
Jan 13 2022,208,ABBEY
Jan 14 2022,209,TANGY
Jan 15 2022,210,PANIC
Jan 16 2022,211,SOLAR
Jan 17 2022,212,SHIRE
Jan 18 2022,213,PROXY
Jan 19 2022,214,POINT
Jan 20 2022,215,ROBOT
Jan 21 2022,216,PRICK
Jan 22 2022,217,WINCE
Jan 23 2022,218,CRIMP
Jan 24 2022,219,KNOLL
Jan 25 2022,220,SUGAR
Jan 26 2022,221,WHACK
Jan 27 2022,222,MOUNT
Jan 28 2022,223,PERKY
Jan 29 2022,224,COULD
Jan 30 2022,225,WRUNG
Jan 31 2022,226,LIGHT
Feb 01 2022,227,THOSE
Feb 02 2022,228,MOIST
Feb 03 2022,229,SHARD
Feb 04 2022,230,PLEAT
Feb 05 2022,231,ALOFT
Feb 06 2022,232,SKILL
Feb 07 2022,233,ELDER
Feb 08 2022,234,FRAME
Feb 09 2022,235,HUMOR
Feb 10 2022,236,PAUSE
Feb 11 2022,237,ULCER
Feb 12 2022,238,ULTRA
Feb 13 2022,239,ROBIN
Feb 14 2022,240,CYNIC
Feb 15 2022,241,AGORA
Feb 16 2022,242,AROMA
Feb 17 2022,243,CAULK
Feb 18 2022,244,SHAKE
Feb 19 2022,245,PUPAL
Feb 20 2022,246,DODGE
Feb 21 2022,247,SWILL
Feb 22 2022,248,TACIT
Feb 23 2022,249,OTHER
Feb 24 2022,250,THORN
Feb 25 2022,251,TROVE
Feb 26 2022,252,BLOKE
Feb 27 2022,253,VIVID
Feb 28 2022,254,SPILL
Mar 01 2022,255,CHANT
Mar 02 2022,256,CHOKE
Mar 03 2022,257,RUPEE
Mar 04 2022,258,NASTY
Mar 05 2022,259,MOURN
Mar 06 2022,260,AHEAD
Mar 07 2022,261,BRINE
Mar 08 2022,262,CLOTH
Mar 09 2022,263,HOARD
Mar 10 2022,264,SWEET
Mar 11 2022,265,MONTH
Mar 12 2022,266,LAPSE
Mar 13 2022,267,WATCH
Mar 14 2022,268,TODAY
Mar 15 2022,269,FOCUS
Mar 16 2022,270,SMELT
Mar 17 2022,271,TEASE
Mar 18 2022,272,CATER
Mar 19 2022,273,MOVIE
Mar 20 2022,274,LYNCH
Mar 21 2022,275,SAUTE
Mar 22 2022,276,ALLOW
Mar 23 2022,277,RENEW
Mar 24 2022,278,THEIR
Mar 25 2022,279,SLOSH
Mar 26 2022,280,PURGE
Mar 27 2022,281,CHEST
Mar 28 2022,282,DEPOT
Mar 29 2022,283,EPOXY
Mar 30 2022,284,NYMPH
Mar 31 2022,285,FOUND
Apr 01 2022,286,SHALL
Apr 02 2022,287,HARRY
Apr 03 2022,288,STOVE
Apr 04 2022,289,LOWLY
Apr 05 2022,290,SNOUT
Apr 06 2022,291,TROPE
Apr 07 2022,292,FEWER
Apr 08 2022,293,SHAWL
Apr 09 2022,294,NATAL
Apr 10 2022,295,FIBRE
Apr 11 2022,296,COMMA
Apr 12 2022,297,FORAY
Apr 13 2022,298,SCARE
Apr 14 2022,299,STAIR
Apr 15 2022,300,BLACK
Apr 16 2022,301,SQUAD
Apr 17 2022,302,ROYAL
Apr 18 2022,303,CHUNK
Apr 19 2022,304,MINCE
Apr 20 2022,305,SLAVE
Apr 21 2022,306,SHAME
Apr 22 2022,307,CHEEK
Apr 23 2022,308,AMPLE
Apr 24 2022,309,FLAIR
Apr 25 2022,310,FOYER
Apr 26 2022,311,CARGO
Apr 27 2022,312,OXIDE
Apr 28 2022,313,PLANT
Apr 29 2022,314,OLIVE
Apr 30 2022,315,INERT
May 01 2022,316,ASKEW
May 02 2022,317,HEIST
May 03 2022,318,SHOWN
May 04 2022,319,ZESTY
May 05 2022,320,HASTY
May 06 2022,321,TRASH
May 07 2022,322,FELLA
May 08 2022,323,LARVA
May 09 2022,324,FORGO
May 10 2022,325,STORY
May 11 2022,326,HAIRY
May 12 2022,327,TRAIN
May 13 2022,328,HOMER
May 14 2022,329,BADGE
May 15 2022,330,MIDST
May 16 2022,331,CANNY
May 17 2022,332,FETUS
May 18 2022,333,BUTCH
May 19 2022,334,FARCE
May 20 2022,335,SLUNG
May 21 2022,336,TIPSY
May 22 2022,337,METAL
May 23 2022,338,YIELD
May 24 2022,339,DELVE
May 25 2022,340,BEING
May 26 2022,341,SCOUR
May 27 2022,342,GLASS
May 28 2022,343,GAMER
May 29 2022,344,SCRAP
May 30 2022,345,MONEY
May 31 2022,346,HINGE
Jun 01 2022,347,ALBUM
Jun 02 2022,348,VOUCH
Jun 03 2022,349,ASSET
Jun 04 2022,350,TIARA
Jun 05 2022,351,CREPT
Jun 06 2022,352,BAYOU
Jun 07 2022,353,ATOLL
Jun 08 2022,354,MANOR
Jun 09 2022,355,CREAK
Jun 10 2022,356,SHOWY
Jun 11 2022,357,PHASE
Jun 12 2022,358,FROTH
Jun 13 2022,359,DEPTH
Jun 14 2022,360,GLOOM
Jun 15 2022,361,FLOOD
Jun 16 2022,362,TRAIT
Jun 17 2022,363,GIRTH
Jun 18 2022,364,PIETY
Jun 19 2022,365,PAYER
Jun 20 2022,366,GOOSE
Jun 21 2022,367,FLOAT
Jun 22 2022,368,DONOR
Jun 23 2022,369,ATONE
Jun 24 2022,370,PRIMO
Jun 25 2022,371,APRON
Jun 26 2022,372,BLOWN
Jun 27 2022,373,CACAO
Jun 28 2022,374,LOSER
Jun 29 2022,375,INPUT
Jun 30 2022,376,GLOAT
Jul 01 2022,377,AWFUL
Jul 02 2022,378,BRINK
Jul 03 2022,379,SMITE
Jul 04 2022,380,BEADY
Jul 05 2022,381,RUSTY
Jul 06 2022,382,RETRO
Jul 07 2022,383,DROLL
Jul 08 2022,384,GAWKY
Jul 09 2022,385,HUTCH
Jul 10 2022,386,PINTO
Jul 11 2022,387,GAILY
Jul 12 2022,388,EGRET
Jul 13 2022,389,LILAC
Jul 14 2022,390,SEVER
Jul 15 2022,391,FIELD
Jul 16 2022,392,FLUFF
Jul 17 2022,393,HYDRO
Jul 18 2022,394,FLACK
Jul 19 2022,395,AGAPE
Jul 20 2022,396,WENCH
Jul 21 2022,397,VOICE
Jul 22 2022,398,STEAD
Jul 23 2022,399,STALK
Jul 24 2022,400,BERTH
Jul 25 2022,401,MADAM
Jul 26 2022,402,NIGHT
Jul 27 2022,403,BLAND
Jul 28 2022,404,LIVER
Jul 29 2022,405,WEDGE
Jul 30 2022,406,AUGUR
Jul 31 2022,407,ROOMY
Aug 01 2022,408,WACKY
Aug 02 2022,409,FLOCK
Aug 03 2022,410,ANGRY
Aug 04 2022,411,BOBBY
Aug 05 2022,412,TRITE
Aug 06 2022,413,APHID
Aug 07 2022,414,TRYST
Aug 08 2022,415,MIDGE
Aug 09 2022,416,POWER
Aug 10 2022,417,ELOPE
Aug 11 2022,418,CINCH
Aug 12 2022,419,MOTTO
Aug 13 2022,420,STOMP
Aug 14 2022,421,UPSET
Aug 15 2022,422,BLUFF
Aug 16 2022,423,CRAMP
Aug 17 2022,424,QUART
Aug 18 2022,425,COYLY
Aug 19 2022,426,YOUTH
Aug 20 2022,427,RHYME
Aug 21 2022,428,BUGGY
Aug 22 2022,429,ALIEN
Aug 23 2022,430,SMEAR
Aug 24 2022,431,UNFIT
Aug 25 2022,432,PATTY
Aug 26 2022,433,CLING
Aug 27 2022,434,GLEAN
Aug 28 2022,435,LABEL
Aug 29 2022,436,HUNKY
Aug 30 2022,437,KHAKI
Aug 31 2022,438,POKER
Sep 01 2022,439,GRUEL
Sep 02 2022,440,TWICE
Sep 03 2022,441,TWANG
Sep 04 2022,442,SHRUG
Sep 05 2022,443,TREAT
Sep 06 2022,444,UNLIT
Sep 07 2022,445,WASTE
Sep 08 2022,446,MERIT
Sep 09 2022,447,WOVEN
Sep 10 2022,448,OCTAL
Sep 11 2022,449,NEEDY
Sep 12 2022,450,CLOWN
Sep 13 2022,451,WIDOW
Sep 14 2022,452,IRONY
Sep 15 2022,453,RUDER
Sep 16 2022,454,GAUZE
Sep 17 2022,455,CHIEF
Sep 18 2022,456,ONSET
Sep 19 2022,457,PRIZE
Sep 20 2022,458,FUNGI
Sep 21 2022,459,CHARM
Sep 22 2022,460,GULLY
Sep 23 2022,461,INTER
Sep 24 2022,462,WHOOP
Sep 25 2022,463,TAUNT
Sep 26 2022,464,LEERY
Sep 27 2022,465,CLASS
Sep 28 2022,466,THEME
Sep 29 2022,467,LOFTY
Sep 30 2022,468,TIBIA
Oct 01 2022,469,BOOZE
Oct 02 2022,470,ALPHA
Oct 03 2022,471,THYME
Oct 04 2022,472,ECLAT
Oct 05 2022,473,DOUBT
Oct 06 2022,474,PARER
Oct 07 2022,475,CHUTE
Oct 08 2022,476,STICK
Oct 09 2022,477,TRICE
Oct 10 2022,478,ALIKE
Oct 11 2022,479,SOOTH
Oct 12 2022,480,RECAP
Oct 13 2022,481,SAINT
Oct 14 2022,482,LIEGE
Oct 15 2022,483,GLORY
Oct 16 2022,484,GRATE
Oct 17 2022,485,ADMIT
Oct 18 2022,486,BRISK
Oct 19 2022,487,SOGGY
Oct 20 2022,488,USURP
Oct 21 2022,489,SCALD
Oct 22 2022,490,SCORN
Oct 23 2022,491,LEAVE
Oct 24 2022,492,TWINE
Oct 25 2022,493,STING
Oct 26 2022,494,BOUGH
Oct 27 2022,495,MARSH
Oct 28 2022,496,SLOTH
Oct 29 2022,497,DANDY
Oct 30 2022,498,VIGOR
Oct 31 2022,499,HOWDY
Nov 01 2022,500,ENJOY
Nov 02 2022,501,VALID
Nov 03 2022,502,IONIC
Nov 04 2022,503,EQUAL
Nov 05 2022,504,UNSET
Nov 06 2022,505,FLOOR
Nov 07 2022,506,CATCH
Nov 08 2022,507,SPADE
Nov 09 2022,508,STEIN
Nov 10 2022,509,EXIST
Nov 11 2022,510,QUIRK
Nov 12 2022,511,DENIM
Nov 13 2022,512,GROVE
Nov 14 2022,513,SPIEL
Nov 15 2022,514,MUMMY
Nov 16 2022,515,FAULT
Nov 17 2022,516,FOGGY
Nov 18 2022,517,FLOUT
Nov 19 2022,518,CARRY
Nov 20 2022,519,SNEAK
Nov 21 2022,520,LIBEL
Nov 22 2022,521,WALTZ
Nov 23 2022,522,APTLY
Nov 24 2022,523,PINEY
Nov 25 2022,524,INEPT
Nov 26 2022,525,ALOUD
Nov 27 2022,526,PHOTO
Nov 28 2022,527,DREAM
Nov 29 2022,528,STALE
Nov 30 2022,529,VOMIT
Dec 01 2022,530,OMBRE
Dec 02 2022,531,FANNY
Dec 03 2022,532,UNITE
Dec 04 2022,533,SNARL
Dec 05 2022,534,BAKER
Dec 06 2022,535,THERE
Dec 07 2022,536,GLYPH
Dec 08 2022,537,POOCH
Dec 09 2022,538,HIPPY
Dec 10 2022,539,SPELL
Dec 11 2022,540,FOLLY
Dec 12 2022,541,LOUSE
Dec 13 2022,542,GULCH
Dec 14 2022,543,VAULT
Dec 15 2022,544,GODLY
Dec 16 2022,545,THREW
Dec 17 2022,546,FLEET
Dec 18 2022,547,GRAVE
Dec 19 2022,548,INANE
Dec 20 2022,549,SHOCK
Dec 21 2022,550,CRAVE
Dec 22 2022,551,SPITE
Dec 23 2022,552,VALVE
Dec 24 2022,553,SKIMP
Dec 25 2022,554,CLAIM
Dec 26 2022,555,RAINY
Dec 27 2022,556,MUSTY
Dec 28 2022,557,PIQUE
Dec 29 2022,558,DADDY
Dec 30 2022,559,QUASI
Dec 31 2022,560,ARISE
Dec 32 2022,560,DONT
Dec 33 2022,560,REPOST
Jan 01 2023,561,AGING
Jan 02 2023,562,VALET
Jan 03 2023,563,OPIUM
Jan 04 2023,564,AVERT
Jan 05 2023,565,STUCK
Jan 06 2023,566,RECUT
Jan 07 2023,567,MULCH
Jan 08 2023,568,GENRE
Jan 09 2023,569,PLUME
Jan 10 2023,570,RIFLE
Jan 11 2023,571,COUNT
Jan 12 2023,572,INCUR
Jan 13 2023,573,TOTAL
Jan 14 2023,574,WREST
Jan 15 2023,575,MOCHA
Jan 16 2023,576,DETER
Jan 17 2023,577,STUDY
Jan 18 2023,578,LOVER
Jan 19 2023,579,SAFER
Jan 20 2023,580,RIVET
Jan 21 2023,581,FUNNY
Jan 22 2023,582,SMOKE
Jan 23 2023,583,MOUND
Jan 24 2023,584,UNDUE
Jan 25 2023,585,SEDAN
Jan 26 2023,586,PAGAN
Jan 27 2023,587,SWINE
Jan 28 2023,588,GUILE
Jan 29 2023,589,GUSTY
Jan 30 2023,590,EQUIP
Jan 31 2023,591,TOUGH
Feb 01 2023,592,CANOE
Feb 02 2023,593,CHAOS
Feb 03 2023,594,COVET
Feb 04 2023,595,HUMAN
Feb 05 2023,596,UDDER
Feb 06 2023,597,LUNCH
Feb 07 2023,598,BLAST
Feb 08 2023,599,STRAY
Feb 09 2023,600,MANGA
Feb 10 2023,601,MELEE
Feb 11 2023,602,LEFTY
Feb 12 2023,603,QUICK
Feb 13 2023,604,PASTE
Feb 14 2023,605,GIVEN
Feb 15 2023,606,OCTET
Feb 16 2023,607,RISEN
Feb 17 2023,608,GROAN
Feb 18 2023,609,LEAKY
Feb 19 2023,610,GRIND
Feb 20 2023,611,CARVE
Feb 21 2023,612,LOOSE
Feb 22 2023,613,SADLY
Feb 23 2023,614,SPILT
Feb 24 2023,615,APPLE
Feb 25 2023,616,SLACK
Feb 26 2023,617,HONEY
Feb 27 2023,618,FINAL
Feb 28 2023,619,SHEEN
Mar 01 2023,620,EERIE
Mar 02 2023,621,MINTY
Mar 03 2023,622,SLICK
Mar 04 2023,623,DERBY
Mar 05 2023,624,WHARF
Mar 06 2023,625,SPELT
Mar 07 2023,626,COACH
Mar 08 2023,627,ERUPT
Mar 09 2023,628,SINGE
Mar 10 2023,629,PRICE
Mar 11 2023,630,SPAWN
Mar 12 2023,631,FAIRY
Mar 13 2023,632,JIFFY
Mar 14 2023,633,FILMY
Mar 15 2023,634,STACK
Mar 16 2023,635,CHOSE
Mar 17 2023,636,SLEEP
Mar 18 2023,637,ARDOR
Mar 19 2023,638,NANNY
Mar 20 2023,639,NIECE
Mar 21 2023,640,WOOZY
Mar 22 2023,641,HANDY
Mar 23 2023,642,GRACE
Mar 24 2023,643,DITTO
Mar 25 2023,644,STANK
Mar 26 2023,645,CREAM
Mar 27 2023,646,USUAL
Mar 28 2023,647,DIODE
Mar 29 2023,648,VALOR
Mar 30 2023,649,ANGLE
Mar 31 2023,650,NINJA
Apr 01 2023,651,MUDDY
Apr 02 2023,652,CHASE
Apr 03 2023,653,REPLY
Apr 04 2023,654,PRONE
Apr 05 2023,655,SPOIL
Apr 06 2023,656,HEART
Apr 07 2023,657,SHADE
Apr 08 2023,658,DINER
Apr 09 2023,659,ARSON
Apr 10 2023,660,ONION
Apr 11 2023,661,SLEET
Apr 12 2023,662,DOWEL
Apr 13 2023,663,COUCH
Apr 14 2023,664,PALSY
Apr 15 2023,665,BOWEL
Apr 16 2023,666,SMILE
Apr 17 2023,667,EVOKE
Apr 18 2023,668,CREEK
Apr 19 2023,669,LANCE
Apr 20 2023,670,EAGLE
Apr 21 2023,671,IDIOT
Apr 22 2023,672,SIREN
Apr 23 2023,673,BUILT
Apr 24 2023,674,EMBED
Apr 25 2023,675,AWARD
Apr 26 2023,676,DROSS
Apr 27 2023,677,ANNUL
Apr 28 2023,678,GOODY
Apr 29 2023,679,FROWN
Apr 30 2023,680,PATIO
May 01 2023,681,LADEN
May 02 2023,682,HUMID
May 03 2023,683,ELITE
May 04 2023,684,LYMPH
May 05 2023,685,EDIFY
May 06 2023,686,MIGHT
May 07 2023,687,RESET
May 08 2023,688,VISIT
May 09 2023,689,GUSTO
May 10 2023,690,PURSE
May 11 2023,691,VAPOR
May 12 2023,692,CROCK
May 13 2023,693,WRITE
May 14 2023,694,SUNNY
May 15 2023,695,LOATH
May 16 2023,696,CHAFF
May 17 2023,697,SLIDE
May 18 2023,698,QUEER
May 19 2023,699,VENOM
May 20 2023,700,STAMP
May 21 2023,701,SORRY
May 22 2023,702,STILL
May 23 2023,703,ACORN
May 24 2023,704,APING
May 25 2023,705,PUSHY
May 26 2023,706,TAMER
May 27 2023,707,HATER
May 28 2023,708,MANIA
May 29 2023,709,AWOKE
May 30 2023,710,BRAWN
May 31 2023,711,SWIFT
Jun 01 2023,712,EXILE
Jun 02 2023,713,BIRCH
Jun 03 2023,714,LUCKY
Jun 04 2023,715,FREER
Jun 05 2023,716,RISKY
Jun 06 2023,717,GHOST
Jun 07 2023,718,PLIER
Jun 08 2023,719,LUNAR
Jun 09 2023,720,WINCH
Jun 10 2023,721,SNARE
Jun 11 2023,722,NURSE
Jun 12 2023,723,HOUSE
Jun 13 2023,724,BORAX
Jun 14 2023,725,NICER
Jun 15 2023,726,LURCH
Jun 16 2023,727,EXALT
Jun 17 2023,728,ABOUT
Jun 18 2023,729,SAVVY
Jun 19 2023,730,TOXIN
Jun 20 2023,731,TUNIC
Jun 21 2023,732,PRIED
Jun 22 2023,733,INLAY
Jun 23 2023,734,CHUMP
Jun 24 2023,735,LANKY
Jun 25 2023,736,CRESS
Jun 26 2023,737,EATER
Jun 27 2023,738,ELUDE
Jun 28 2023,739,CYCLE
Jun 29 2023,740,KITTY
Jun 30 2023,741,BOULE
Jul 01 2023,742,MORON
Jul 02 2023,743,TENET
Jul 03 2023,744,PLACE
Jul 04 2023,745,LOBBY
Jul 05 2023,746,PLUSH
Jul 06 2023,747,VIGIL
Jul 07 2023,748,INDEX
Jul 08 2023,749,BLINK
Jul 09 2023,750,CLUNG
Jul 10 2023,751,QUALM
Jul 11 2023,752,CROUP
Jul 12 2023,753,CLINK
Jul 13 2023,754,JUICY
Jul 14 2023,755,STAGE
Jul 15 2023,756,DECAY
Jul 16 2023,757,NERVE
Jul 17 2023,758,FLIER
Jul 18 2023,759,SHAFT
Jul 19 2023,760,CROOK
Jul 20 2023,761,CLEAN
Jul 21 2023,762,CHINA
Jul 22 2023,763,RIDGE
Jul 23 2023,764,VOWEL
Jul 24 2023,765,GNOME
Jul 25 2023,766,SNUCK
Jul 26 2023,767,ICING
Jul 27 2023,768,SPINY
Jul 28 2023,769,RIGOR
Jul 29 2023,770,SNAIL
Jul 30 2023,771,FLOWN
Jul 31 2023,772,RABID
Aug 01 2023,773,PROSE
Aug 02 2023,774,THANK
Aug 03 2023,775,POPPY
Aug 04 2023,776,BUDGE
Aug 05 2023,777,FIBER
Aug 06 2023,778,MOLDY
Aug 07 2023,779,DOWDY
Aug 08 2023,780,KNEEL
Aug 09 2023,781,TRACK
Aug 10 2023,782,CADDY
Aug 11 2023,783,QUELL
Aug 12 2023,784,DUMPY
Aug 13 2023,785,PALER
Aug 14 2023,786,SWORE
Aug 15 2023,787,REBAR
Aug 16 2023,788,SCUBA
Aug 17 2023,789,SPLAT
Aug 18 2023,790,FLYER
Aug 19 2023,791,HORNY
Aug 20 2023,792,MASON
Aug 21 2023,793,DOING
Aug 22 2023,794,OZONE
Aug 23 2023,795,AMPLY
Aug 24 2023,796,MOLAR
Aug 25 2023,797,OVARY
Aug 26 2023,798,BESET
Aug 27 2023,799,QUEUE
Aug 28 2023,800,CLIFF
Aug 29 2023,801,MAGIC
Aug 30 2023,802,TRUCE
Aug 31 2023,803,SPORT
Sep 01 2023,804,FRITZ
Sep 02 2023,805,EDICT
Sep 03 2023,806,TWIRL
Sep 04 2023,807,VERSE
Sep 05 2023,808,LLAMA
Sep 06 2023,809,EATEN
Sep 07 2023,810,RANGE
Sep 08 2023,811,WHISK
Sep 09 2023,812,HOVEL
Sep 10 2023,813,REHAB
Sep 11 2023,814,MACAW
Sep 12 2023,815,SIGMA
Sep 13 2023,816,SPOUT
Sep 14 2023,817,VERVE
Sep 15 2023,818,SUSHI
Sep 16 2023,819,DYING
Sep 17 2023,820,FETID
Sep 18 2023,821,BRAIN
Sep 19 2023,822,BUDDY
Sep 20 2023,823,THUMP
Sep 21 2023,824,SCION
Sep 22 2023,825,CANDY
Sep 23 2023,826,CHORD
Sep 24 2023,827,BASIN
Sep 25 2023,828,MARCH
Sep 26 2023,829,CROWD
Sep 27 2023,830,ARBOR
Sep 28 2023,831,GAYLY
Sep 29 2023,832,MUSKY
Sep 30 2023,833,STAIN
Oct 01 2023,834,DALLY
Oct 02 2023,835,BLESS
Oct 03 2023,836,BRAVO
Oct 04 2023,837,STUNG
Oct 05 2023,838,TITLE
Oct 06 2023,839,RULER
Oct 07 2023,840,KIOSK
Oct 08 2023,841,BLOND
Oct 09 2023,842,ENNUI
Oct 10 2023,843,LAYER
Oct 11 2023,844,FLUID
Oct 12 2023,845,TATTY
Oct 13 2023,846,SCORE
Oct 14 2023,847,CUTIE
Oct 15 2023,848,ZEBRA
Oct 16 2023,849,BARGE
Oct 17 2023,850,MATEY
Oct 18 2023,851,BLUER
Oct 19 2023,852,AIDER
Oct 20 2023,853,SHOOK
Oct 21 2023,854,RIVER
Oct 22 2023,855,PRIVY
Oct 23 2023,856,BETEL
Oct 24 2023,857,FRISK
Oct 25 2023,858,BONGO
Oct 26 2023,859,BEGUN
Oct 27 2023,860,AZURE
Oct 28 2023,861,WEAVE
Oct 29 2023,862,GENIE
Oct 30 2023,863,SOUND
Oct 31 2023,864,GLOVE
Nov 01 2023,865,BRAID
Nov 02 2023,866,SCOPE
Nov 03 2023,867,WRYLY
Nov 04 2023,868,ROVER
Nov 05 2023,869,ASSAY
Nov 06 2023,870,OCEAN
Nov 07 2023,871,BLOOM
Nov 08 2023,872,IRATE
Nov 09 2023,873,LATER
Nov 10 2023,874,WOKEN
Nov 11 2023,875,SILKY
Nov 12 2023,876,WRECK
Nov 13 2023,877,DWELT
Nov 14 2023,878,SLATE
Nov 15 2023,879,SMACK
Nov 16 2023,880,SOLID
Nov 17 2023,881,AMAZE
Nov 18 2023,882,HAZEL
Nov 19 2023,883,WRIST
Nov 20 2023,884,JOLLY
Nov 21 2023,885,GLOBE
Nov 22 2023,886,FLINT
Nov 23 2023,887,ROUSE
Nov 24 2023,888,CIVIL
Nov 25 2023,889,VISTA
Nov 26 2023,890,RELAX
Nov 27 2023,891,COVER
Nov 28 2023,892,ALIVE
Nov 29 2023,893,BEECH
Nov 30 2023,894,JETTY
Dec 01 2023,895,BLISS
Dec 02 2023,896,VOCAL
Dec 03 2023,897,OFTEN
Dec 04 2023,898,DOLLY
Dec 05 2023,899,EIGHT
Dec 06 2023,900,JOKER
Dec 07 2023,901,SINCE
Dec 08 2023,902,EVENT
Dec 09 2023,903,ENSUE
Dec 10 2023,904,SHUNT
Dec 11 2023,905,DIVER
Dec 12 2023,906,POSER
Dec 13 2023,907,WORST
Dec 14 2023,908,SWEEP
Dec 15 2023,909,ALLEY
Dec 16 2023,910,CREED
Dec 17 2023,911,ANIME
Dec 18 2023,912,LEAFY
Dec 19 2023,913,BOSOM
Dec 20 2023,914,DUNCE
Dec 21 2023,915,STARE
Dec 22 2023,916,PUDGY
Dec 23 2023,917,WAIVE
Dec 24 2023,918,CHOIR
Dec 25 2023,919,STOOD
Dec 26 2023,920,SPOKE
Dec 27 2023,921,OUTGO
Dec 28 2023,922,DELAY
Dec 29 2023,923,BILGE
Dec 30 2023,924,IDEAL
Dec 31 2023,925,CLASP
Jan 01 2024,926,SEIZE
Jan 02 2024,927,HOTLY
Jan 03 2024,928,LAUGH
Jan 04 2024,929,SIEVE
Jan 05 2024,930,BLOCK
Jan 06 2024,931,MEANT
Jan 07 2024,932,GRAPE
Jan 08 2024,933,NOOSE
Jan 09 2024,934,HARDY
Jan 10 2024,935,SHIED
Jan 11 2024,936,DRAWL
Jan 12 2024,937,DAISY
Jan 13 2024,938,PUTTY
Jan 14 2024,939,STRUT
Jan 15 2024,940,BURNT
Jan 16 2024,941,TULIP
Jan 17 2024,942,CRICK
Jan 18 2024,943,IDYLL
Jan 19 2024,944,VIXEN
Jan 20 2024,945,FUROR
Jan 21 2024,946,GEEKY
Jan 22 2024,947,COUGH
Jan 23 2024,948,NAIVE
Jan 24 2024,949,SHOAL
Jan 25 2024,950,STORK
Jan 26 2024,951,BATHE
Jan 27 2024,952,AUNTY
Jan 28 2024,953,CHECK
Jan 29 2024,954,PRIME
Jan 30 2024,955,BRASS
Jan 31 2024,956,OUTER
Feb 01 2024,957,FURRY
Feb 02 2024,958,RAZOR
Feb 03 2024,959,ELECT
Feb 04 2024,960,EVICT
Feb 05 2024,961,IMPLY
Feb 06 2024,962,DEMUR
Feb 07 2024,963,QUOTA
Feb 08 2024,964,HAVEN
Feb 09 2024,965,CAVIL
Feb 10 2024,966,SWEAR
Feb 11 2024,967,CRUMP
Feb 12 2024,968,DOUGH
Feb 13 2024,969,GAVEL
Feb 14 2024,970,WAGON
Feb 15 2024,971,SALON
Feb 16 2024,972,NUDGE
Feb 17 2024,973,HAREM
Feb 18 2024,974,PITCH
Feb 19 2024,975,SWORN
Feb 20 2024,976,PUPIL
Feb 21 2024,977,EXCEL
Feb 22 2024,978,STONY
Feb 23 2024,979,CABIN
Feb 24 2024,980,UNZIP
Feb 25 2024,981,QUEEN
Feb 26 2024,982,TROUT
Feb 27 2024,983,POLYP
Feb 28 2024,984,EARTH
Feb 29 2024,985,STORM
Mar 01 2024,986,UNTIL
Mar 02 2024,987,TAPER
Mar 03 2024,988,ENTER
Mar 04 2024,989,CHILD
Mar 05 2024,990,ADOPT
Mar 06 2024,991,MINOR
Mar 07 2024,992,FATTY
Mar 08 2024,993,HUSKY
Mar 09 2024,994,BRAVE
Mar 10 2024,995,FILET
Mar 11 2024,996,SLIME
Mar 12 2024,997,GLINT
Mar 13 2024,998,TREAD
Mar 14 2024,999,STEAL
Mar 15 2024,1000,REGAL
Mar 16 2024,1001,GUEST
Mar 17 2024,1002,EVERY
Mar 18 2024,1003,MURKY
Mar 19 2024,1004,SHARE
Mar 20 2024,1005,SPORE
Mar 21 2024,1006,HOIST
Mar 22 2024,1007,BUXOM
Mar 23 2024,1008,INNER
Mar 24 2024,1009,OTTER
Mar 25 2024,1010,DIMLY
Mar 26 2024,1011,LEVEL
Mar 27 2024,1012,SUMAC
Mar 28 2024,1013,DONUT
Mar 29 2024,1014,STILT
Mar 30 2024,1015,ARENA
Mar 31 2024,1016,SHEET
Apr 01 2024,1017,SCRUB
Apr 02 2024,1018,FANCY
Apr 03 2024,1019,SLIMY
Apr 04 2024,1020,PEARL
Apr 05 2024,1021,SILLY
Apr 06 2024,1022,PORCH
Apr 07 2024,1023,DINGO
Apr 08 2024,1024,SEPIA
Apr 09 2024,1025,AMBLE
Apr 10 2024,1026,SHADY
Apr 11 2024,1027,BREAD
Apr 12 2024,1028,FRIAR
Apr 13 2024,1029,REIGN
Apr 14 2024,1030,DAIRY
Apr 15 2024,1031,QUILL
Apr 16 2024,1032,CROSS
Apr 17 2024,1033,BROOD
Apr 18 2024,1034,TUBER
Apr 19 2024,1035,SHEAR
Apr 20 2024,1036,POSIT
Apr 21 2024,1037,BLANK
Apr 22 2024,1038,VILLA
Apr 23 2024,1039,SHANK
Apr 24 2024,1040,PIGGY
Apr 25 2024,1041,FREAK
Apr 26 2024,1042,WHICH
Apr 27 2024,1043,AMONG
Apr 28 2024,1044,FECAL
Apr 29 2024,1045,SHELL
Apr 30 2024,1046,WOULD
May 01 2024,1047,ALGAE
May 02 2024,1048,LARGE
May 03 2024,1049,RABBI
May 04 2024,1050,AGONY
May 05 2024,1051,AMUSE
May 06 2024,1052,BUSHY
May 07 2024,1053,COPSE
May 08 2024,1054,SWOON
May 09 2024,1055,KNIFE
May 10 2024,1056,POUCH
May 11 2024,1057,ASCOT
May 12 2024,1058,PLANE
May 13 2024,1059,CROWN
May 14 2024,1060,URBAN
May 15 2024,1061,SNIDE
May 16 2024,1062,RELAY
May 17 2024,1063,ABIDE
May 18 2024,1064,VIOLA
May 19 2024,1065,RAJAH
May 20 2024,1066,STRAW
May 21 2024,1067,DILLY
May 22 2024,1068,CRASH
May 23 2024,1069,AMASS
May 24 2024,1070,THIRD
May 25 2024,1071,TRICK
May 26 2024,1072,TUTOR
May 27 2024,1073,WOODY
May 28 2024,1074,BLURB
May 29 2024,1075,GRIEF
May 30 2024,1076,DISCO
May 31 2024,1077,WHERE
Jun 01 2024,1078,SASSY
Jun 02 2024,1079,BEACH
Jun 03 2024,1080,SAUNA
Jun 04 2024,1081,COMIC
Jun 05 2024,1082,CLUED
Jun 06 2024,1083,CREEP
Jun 07 2024,1084,CASTE
Jun 08 2024,1085,GRAZE
Jun 09 2024,1086,SNUFF
Jun 10 2024,1087,FROCK
Jun 11 2024,1088,GONAD
Jun 12 2024,1089,DRUNK
Jun 13 2024,1090,PRONG
Jun 14 2024,1091,LURID
Jun 15 2024,1092,STEEL
Jun 16 2024,1093,HALVE
Jun 17 2024,1094,BUYER
Jun 18 2024,1095,VINYL
Jun 19 2024,1096,UTILE
Jun 20 2024,1097,SMELL
Jun 21 2024,1098,ADAGE
Jun 22 2024,1099,WORRY
Jun 23 2024,1100,TASTY
Jun 24 2024,1101,LOCAL
Jun 25 2024,1102,TRADE
Jun 26 2024,1103,FINCH
Jun 27 2024,1104,ASHEN
Jun 28 2024,1105,MODAL
Jun 29 2024,1106,GAUNT
Jun 30 2024,1107,CLOVE
Jul 01 2024,1108,ENACT
Jul 02 2024,1109,ADORN
Jul 03 2024,1110,ROAST
Jul 04 2024,1111,SPECK
Jul 05 2024,1112,SHEIK
Jul 06 2024,1113,MISSY
Jul 07 2024,1114,GRUNT
Jul 08 2024,1115,SNOOP
Jul 09 2024,1116,PARTY
Jul 10 2024,1117,TOUCH
Jul 11 2024,1118,MAFIA
Jul 12 2024,1119,EMCEE
Jul 13 2024,1120,ARRAY
Jul 14 2024,1121,SOUTH
Jul 15 2024,1122,VAPID
Jul 16 2024,1123,JELLY
Jul 17 2024,1124,SKULK
Jul 18 2024,1125,ANGST
Jul 19 2024,1126,TUBAL
Jul 20 2024,1127,LOWER
Jul 21 2024,1128,CREST
Jul 22 2024,1129,SWEAT
Jul 23 2024,1130,CYBER
Jul 24 2024,1131,ADORE
Jul 25 2024,1132,TARDY
Jul 26 2024,1133,SWAMI
Jul 27 2024,1134,NOTCH
Jul 28 2024,1135,GROOM
Jul 29 2024,1136,ROACH
Jul 30 2024,1137,HITCH
Jul 31 2024,1138,YOUNG
Aug 01 2024,1139,ALIGN
Aug 02 2024,1140,READY
Aug 03 2024,1141,FROND
Aug 04 2024,1142,STRAP
Aug 05 2024,1143,PUREE
Aug 06 2024,1144,REALM
Aug 07 2024,1145,VENUE
Aug 08 2024,1146,SWARM
Aug 09 2024,1147,OFFER
Aug 10 2024,1148,SEVEN
Aug 11 2024,1149,DRYER
Aug 12 2024,1150,DIARY
Aug 13 2024,1151,DRYLY
Aug 14 2024,1152,DRANK
Aug 15 2024,1153,ACRID
Aug 16 2024,1154,HEADY
Aug 17 2024,1155,THETA
Aug 18 2024,1156,JUNTO
Aug 19 2024,1157,PIXIE
Aug 20 2024,1158,QUOTH
Aug 21 2024,1159,BONUS
Aug 22 2024,1160,SHALT
Aug 23 2024,1161,PENNE
Aug 24 2024,1162,AMEND
Aug 25 2024,1163,DATUM
Aug 26 2024,1164,BUILD
Aug 27 2024,1165,PIANO
Aug 28 2024,1166,SHELF
Aug 29 2024,1167,LODGE
Aug 30 2024,1168,SUING
Aug 31 2024,1169,REARM
Sep 01 2024,1170,CORAL
Sep 02 2024,1171,RAMEN
Sep 03 2024,1172,WORTH
Sep 04 2024,1173,PSALM
Sep 05 2024,1174,INFER
Sep 06 2024,1175,OVERT
Sep 07 2024,1176,MAYOR
Sep 08 2024,1177,OVOID
Sep 09 2024,1178,GLIDE
Sep 10 2024,1179,USAGE
Sep 11 2024,1180,POISE
Sep 12 2024,1181,RANDY
Sep 13 2024,1182,CHUCK
Sep 14 2024,1183,PRANK
Sep 15 2024,1184,FISHY
Sep 16 2024,1185,TOOTH
Sep 17 2024,1186,ETHER
Sep 18 2024,1187,DROVE
Sep 19 2024,1188,IDLER
Sep 20 2024,1189,SWATH
Sep 21 2024,1190,STINT
Sep 22 2024,1191,WHILE
Sep 23 2024,1192,BEGAT
Sep 24 2024,1193,APPLY
Sep 25 2024,1194,SLANG
Sep 26 2024,1195,TAROT
Sep 27 2024,1196,RADAR
Sep 28 2024,1197,CREDO
Sep 29 2024,1198,AWARE
Sep 30 2024,1199,CANON
Oct 01 2024,1200,SHIFT
Oct 02 2024,1201,TIMER
Oct 03 2024,1202,BYLAW
Oct 04 2024,1203,SERUM
Oct 05 2024,1204,THREE
Oct 06 2024,1205,STEAK
Oct 07 2024,1206,ILIAC
Oct 08 2024,1207,SHIRK
Oct 09 2024,1208,BLUNT
Oct 10 2024,1209,PUPPY
Oct 11 2024,1210,PENAL
Oct 12 2024,1211,JOIST
Oct 13 2024,1212,BUNNY
Oct 14 2024,1213,SHAPE
Oct 15 2024,1214,BEGET
Oct 16 2024,1215,WHEEL
Oct 17 2024,1216,ADEPT
Oct 18 2024,1217,STUNT
Oct 19 2024,1218,STOLE
Oct 20 2024,1219,TOPAZ
Oct 21 2024,1220,CHORE
Oct 22 2024,1221,FLUKE
Oct 23 2024,1222,AFOOT
Oct 24 2024,1223,BLOAT
Oct 25 2024,1224,BULLY
Oct 26 2024,1225,DENSE
Oct 27 2024,1226,CAPER
Oct 28 2024,1227,SNEER
Oct 29 2024,1228,BOXER
Oct 30 2024,1229,JUMBO
Oct 31 2024,1230,LUNGE
Nov 01 2024,1231,SPACE
Nov 02 2024,1232,AVAIL
Nov 03 2024,1233,SHORT
Nov 04 2024,1234,SLURP
Nov 05 2024,1235,LOYAL
Nov 06 2024,1236,FLIRT
Nov 07 2024,1237,PIZZA
Nov 08 2024,1238,CONCH
Nov 09 2024,1239,TEMPO
Nov 10 2024,1240,DROOP
Nov 11 2024,1241,PLATE
Nov 12 2024,1242,BIBLE
Nov 13 2024,1243,PLUNK
Nov 14 2024,1244,AFOUL
Nov 15 2024,1245,SAVOY
Nov 16 2024,1246,STEEP
Nov 17 2024,1247,AGILE
Nov 18 2024,1248,STAKE
Nov 19 2024,1249,DWELL
Nov 20 2024,1250,KNAVE
Nov 21 2024,1251,BEARD
Nov 22 2024,1252,AROSE
Nov 23 2024,1253,MOTIF
Nov 24 2024,1254,SMASH
Nov 25 2024,1255,BROIL
Nov 26 2024,1256,GLARE
Nov 27 2024,1257,SHOVE
Nov 28 2024,1258,BAGGY
Nov 29 2024,1259,MAMMY
Nov 30 2024,1260,SWAMP
Dec 01 2024,1261,ALONG
Dec 02 2024,1262,RUGBY
Dec 03 2024,1263,WAGER
Dec 04 2024,1264,QUACK
Dec 05 2024,1265,SQUAT
Dec 06 2024,1266,SNAKY
Dec 07 2024,1267,DEBIT
Dec 08 2024,1268,MANGE
Dec 09 2024,1269,SKATE
Dec 10 2024,1270,NINTH
Dec 11 2024,1271,JOUST
Dec 12 2024,1272,TRAMP
Dec 13 2024,1273,SPURN
Dec 14 2024,1274,MEDAL
Dec 15 2024,1275,MICRO
Dec 16 2024,1276,REBEL
Dec 17 2024,1277,FLANK
Dec 18 2024,1278,LEARN
Dec 19 2024,1279,NADIR
Dec 20 2024,1280,MAPLE
Dec 21 2024,1281,COMFY
Dec 22 2024,1282,REMIT
Dec 23 2024,1283,GRUFF
Dec 24 2024,1284,ESTER
Dec 25 2024,1285,LEAST
Dec 26 2024,1286,MOGUL
Dec 27 2024,1287,FETCH
Dec 28 2024,1288,CAUSE
Dec 29 2024,1289,OAKEN
Dec 30 2024,1290,AGLOW
Dec 31 2024,1291,MEATY
Jan 01 2025,1292,GAFFE
Jan 02 2025,1293,SHYLY
Jan 03 2025,1294,RACER
Jan 04 2025,1295,PROWL
Jan 05 2025,1296,THIEF
Jan 06 2025,1297,STERN
Jan 07 2025,1298,POESY
Jan 08 2025,1299,ROCKY
Jan 09 2025,1300,TWEET
Jan 10 2025,1301,WAIST
Jan 11 2025,1302,SPIRE
Jan 12 2025,1303,GROPE
Jan 13 2025,1304,HAVOC
Jan 14 2025,1305,PATSY
Jan 15 2025,1306,TRULY
Jan 16 2025,1307,FORTY
Jan 17 2025,1308,DEITY
Jan 18 2025,1309,UNCLE
Jan 19 2025,1310,SWISH
Jan 20 2025,1311,GIVER
Jan 21 2025,1312,PREEN
Jan 22 2025,1313,BEVEL
Jan 23 2025,1314,LEMUR
Jan 24 2025,1315,DRAFT
Jan 25 2025,1316,SLOPE
Jan 26 2025,1317,ANNOY
Jan 27 2025,1318,LINGO
Jan 28 2025,1319,BLEAK
Jan 29 2025,1320,DITTY
Jan 30 2025,1321,CURLY
Jan 31 2025,1322,CEDAR
Feb 01 2025,1323,DIRGE
Feb 02 2025,1324,GROWN
Feb 03 2025,1325,HORDE
Feb 04 2025,1326,DROOL
Feb 05 2025,1327,SHUCK
Feb 06 2025,1328,CRYPT
Feb 07 2025,1329,CUMIN
Feb 08 2025,1330,STOCK
Feb 09 2025,1331,GRAVY
Feb 10 2025,1332,LOCUS
Feb 11 2025,1333,WIDER
Feb 12 2025,1334,BREED
Feb 13 2025,1335,QUITE
Feb 14 2025,1336,CHAFE
Feb 15 2025,1337,CACHE
Feb 16 2025,1338,BLIMP
Feb 17 2025,1339,DEIGN
Feb 18 2025,1340,FIEND
Feb 19 2025,1341,LOGIC
Feb 20 2025,1342,CHEAP
Feb 21 2025,1343,ELIDE
Feb 22 2025,1344,RIGID
Feb 23 2025,1345,FALSE
Feb 24 2025,1346,RENAL
Feb 25 2025,1347,PENCE
Feb 26 2025,1348,ROWDY
Feb 27 2025,1349,SHOOT
Feb 28 2025,1350,BLAZE
Mar 01 2025,1351,ENVOY
Mar 02 2025,1352,POSSE
Mar 03 2025,1353,BRIEF
Mar 04 2025,1354,NEVER
Mar 05 2025,1355,ABORT
Mar 06 2025,1356,MOUSE
Mar 07 2025,1357,MUCKY
Mar 08 2025,1358,SULKY
Mar 09 2025,1359,FIERY
Mar 10 2025,1360,MEDIA
Mar 11 2025,1361,TRUNK
Mar 12 2025,1362,YEAST
Mar 13 2025,1363,CLEAR
Mar 14 2025,1364,SKUNK
Mar 15 2025,1365,SCALP
Mar 16 2025,1366,BITTY
Mar 17 2025,1367,CIDER
Mar 18 2025,1368,KOALA
Mar 19 2025,1369,DUVET
Mar 20 2025,1370,SEGUE
Mar 21 2025,1371,CREME
Mar 22 2025,1372,SUPER
Mar 23 2025,1373,GRILL
Mar 24 2025,1374,AFTER
Mar 25 2025,1375,OWNER
Mar 26 2025,1376,EMBER
Mar 27 2025,1377,REACH
Mar 28 2025,1378,NOBLY
Mar 29 2025,1379,EMPTY
Mar 30 2025,1380,SPEED
Mar 31 2025,1381,GIPSY
Apr 01 2025,1382,RECUR
Apr 02 2025,1383,SMOCK
Apr 03 2025,1384,DREAD
Apr 04 2025,1385,MERGE
Apr 05 2025,1386,BURST
Apr 06 2025,1387,KAPPA
Apr 07 2025,1388,AMITY
Apr 08 2025,1389,SHAKY
Apr 09 2025,1390,HOVER
Apr 10 2025,1391,CAROL
Apr 11 2025,1392,SNORT
Apr 12 2025,1393,SYNOD
Apr 13 2025,1394,FAINT
Apr 14 2025,1395,HAUNT
Apr 15 2025,1396,FLOUR
Apr 16 2025,1397,CHAIR
Apr 17 2025,1398,DETOX
Apr 18 2025,1399,SHREW
Apr 19 2025,1400,TENSE
Apr 20 2025,1401,PLIED
Apr 21 2025,1402,QUARK
Apr 22 2025,1403,BURLY
Apr 23 2025,1404,NOVEL
Apr 24 2025,1405,WAXEN
Apr 25 2025,1406,STOIC
Apr 26 2025,1407,JERKY
Apr 27 2025,1408,BLITZ
Apr 28 2025,1409,BEEFY
Apr 29 2025,1410,LYRIC
Apr 30 2025,1411,HUSSY
May 01 2025,1412,TOWEL
May 02 2025,1413,QUILT
May 03 2025,1414,BELOW
May 04 2025,1415,BINGO
May 05 2025,1416,WISPY
May 06 2025,1417,BRASH
May 07 2025,1418,SCONE
May 08 2025,1419,TOAST
May 09 2025,1420,EASEL
May 10 2025,1421,SAUCY
May 11 2025,1422,VALUE
May 12 2025,1423,SPICE
May 13 2025,1424,HONOR
May 14 2025,1425,ROUTE
May 15 2025,1426,SHARP
May 16 2025,1427,BAWDY
May 17 2025,1428,RADII
May 18 2025,1429,SKULL
May 19 2025,1430,PHONY
May 20 2025,1431,ISSUE
May 21 2025,1432,LAGER
May 22 2025,1433,SWELL
May 23 2025,1434,URINE
May 24 2025,1435,GASSY
May 25 2025,1436,TRIAL
May 26 2025,1437,FLORA
May 27 2025,1438,UPPER
May 28 2025,1439,LATCH
May 29 2025,1440,WIGHT
May 30 2025,1441,BRICK
May 31 2025,1442,RETRY
Jun 01 2025,1443,HOLLY
Jun 02 2025,1444,DECAL
Jun 03 2025,1445,GRASS
Jun 04 2025,1446,SHACK
Jun 05 2025,1447,DOGMA
Jun 06 2025,1448,MOVER
Jun 07 2025,1449,DEFER
Jun 08 2025,1450,SOBER
Jun 09 2025,1451,OPTIC
Jun 10 2025,1452,CRIER
Jun 11 2025,1453,VYING
Jun 12 2025,1454,NOMAD
Jun 13 2025,1455,FLUTE
Jun 14 2025,1456,HIPPO
Jun 15 2025,1457,SHARK
Jun 16 2025,1458,DRIER
Jun 17 2025,1459,OBESE
Jun 18 2025,1460,BUGLE
Jun 19 2025,1461,TAWNY
Jun 20 2025,1462,CHALK
Jun 21 2025,1463,FEAST
Jun 22 2025,1464,RUDDY
Jun 23 2025,1465,PEDAL
Jun 24 2025,1466,SCARF
Jun 25 2025,1467,CRUEL
Jun 26 2025,1468,BLEAT
Jun 27 2025,1469,TIDAL
Jun 28 2025,1470,SLUSH
Jun 29 2025,1471,SEMEN
Jun 30 2025,1472,WINDY
Jul 01 2025,1473,DUSTY
Jul 02 2025,1474,SALLY
Jul 03 2025,1475,IGLOO
Jul 04 2025,1476,NERDY
Jul 05 2025,1477,JEWEL
Jul 06 2025,1478,SHONE
Jul 07 2025,1479,WHALE
Jul 08 2025,1480,HYMEN
Jul 09 2025,1481,ABUSE
Jul 10 2025,1482,FUGUE
Jul 11 2025,1483,ELBOW
Jul 12 2025,1484,CRUMB
Jul 13 2025,1485,PANSY
Jul 14 2025,1486,WELSH
Jul 15 2025,1487,SYRUP
Jul 16 2025,1488,TERSE
Jul 17 2025,1489,SUAVE
Jul 18 2025,1490,GAMUT
Jul 19 2025,1491,SWUNG
Jul 20 2025,1492,DRAKE
Jul 21 2025,1493,FREED
Jul 22 2025,1494,AFIRE
Jul 23 2025,1495,SHIRT
Jul 24 2025,1496,GROUT
Jul 25 2025,1497,ODDLY
Jul 26 2025,1498,TITHE
Jul 27 2025,1499,PLAID
Jul 28 2025,1500,DUMMY
Jul 29 2025,1501,BROOM
Jul 30 2025,1502,BLIND
Jul 31 2025,1503,TORCH
Aug 01 2025,1504,ENEMY
Aug 02 2025,1505,AGAIN
Aug 03 2025,1506,TYING
Aug 04 2025,1507,PESKY
Aug 05 2025,1508,ALTER
Aug 06 2025,1509,GAZER
Aug 07 2025,1510,NOBLE
Aug 08 2025,1511,ETHOS
Aug 09 2025,1512,BRIDE
Aug 10 2025,1513,EXTOL
Aug 11 2025,1514,DECOR
Aug 12 2025,1515,HOBBY
Aug 13 2025,1516,BEAST
Aug 14 2025,1517,IDIOM
Aug 15 2025,1518,UTTER
Aug 16 2025,1519,THESE
Aug 17 2025,1520,SIXTH
Aug 18 2025,1521,ALARM
Aug 19 2025,1522,ERASE
Aug 20 2025,1523,ELEGY
Aug 21 2025,1524,SPUNK
Aug 22 2025,1525,PIPER
Aug 23 2025,1526,SCALY
Aug 24 2025,1527,SCOLD
Aug 25 2025,1528,HEFTY
Aug 26 2025,1529,CHICK
Aug 27 2025,1530,SOOTY
Aug 28 2025,1531,CANAL
Aug 29 2025,1532,WHINY
Aug 30 2025,1533,SLASH
Aug 31 2025,1534,QUAKE
Sep 01 2025,1535,JOINT
Sep 02 2025,1536,SWEPT
Sep 03 2025,1537,PRUDE
Sep 04 2025,1538,HEAVY
Sep 05 2025,1539,WIELD
Sep 06 2025,1540,FEMME
Sep 07 2025,1541,LASSO
Sep 08 2025,1542,MAIZE
Sep 09 2025,1543,SHALE
Sep 10 2025,1544,SCREW
Sep 11 2025,1545,SPREE
Sep 12 2025,1546,SMOKY
Sep 13 2025,1547,WHIFF
Sep 14 2025,1548,SCENT
Sep 15 2025,1549,GLADE
Sep 16 2025,1550,SPENT
Sep 17 2025,1551,PRISM
Sep 18 2025,1552,STOKE
Sep 19 2025,1553,RIPER
Sep 20 2025,1554,ORBIT
Sep 21 2025,1555,COCOA
Sep 22 2025,1556,GUILT
Sep 23 2025,1557,HUMUS
Sep 24 2025,1558,SHUSH
Sep 25 2025,1559,TABLE
Sep 26 2025,1560,SMIRK
Sep 27 2025,1561,WRONG
Sep 28 2025,1562,NOISY
Sep 29 2025,1563,ALERT
Sep 30 2025,1564,SHINY
Oct 01 2025,1565,ELATE
Oct 02 2025,1566,RESIN
Oct 03 2025,1567,WHOLE
Oct 04 2025,1568,HUNCH
Oct 05 2025,1569,PIXEL
Oct 06 2025,1570,POLAR
Oct 07 2025,1571,HOTEL
Oct 08 2025,1572,SWORD
Oct 09 2025,1573,CLEAT
Oct 10 2025,1574,MANGO
Oct 11 2025,1575,RUMBA
Oct 12 2025,1576,PUFFY
Oct 13 2025,1577,FILLY
Oct 14 2025,1578,BILLY
Oct 15 2025,1579,LEASH
Oct 16 2025,1580,CLOUT
Oct 17 2025,1581,DANCE
Oct 18 2025,1582,OVATE
Oct 19 2025,1583,FACET
Oct 20 2025,1584,CHILI
Oct 21 2025,1585,PAINT
Oct 22 2025,1586,LINER
Oct 23 2025,1587,CURIO
Oct 24 2025,1588,SALTY
Oct 25 2025,1589,AUDIO
Oct 26 2025,1590,SNAKE
Oct 27 2025,1591,FABLE
Oct 28 2025,1592,CLOAK
Oct 29 2025,1593,NAVEL
Oct 30 2025,1594,SPURT
Oct 31 2025,1595,PESTO
Nov 01 2025,1596,BALMY
Nov 02 2025,1597,FLASH
Nov 03 2025,1598,UNWED
Nov 04 2025,1599,EARLY
Nov 05 2025,1600,CHURN
Nov 06 2025,1601,WEEDY
Nov 07 2025,1602,STUMP
Nov 08 2025,1603,LEASE
Nov 09 2025,1604,WITTY
Nov 10 2025,1605,WIMPY
Nov 11 2025,1606,SPOOF
Nov 12 2025,1607,SANER
Nov 13 2025,1608,BLEND
Nov 14 2025,1609,SALSA
Nov 15 2025,1610,THICK
Nov 16 2025,1611,WARTY
Nov 17 2025,1612,MANIC
Nov 18 2025,1613,BLARE
Nov 19 2025,1614,SQUIB
Nov 20 2025,1615,SPOON
Nov 21 2025,1616,PROBE
Nov 22 2025,1617,CREPE
Nov 23 2025,1618,KNACK
Nov 24 2025,1619,FORCE
Nov 25 2025,1620,DEBUT
Nov 26 2025,1621,ORDER
Nov 27 2025,1622,HASTE
Nov 28 2025,1623,TEETH
Nov 29 2025,1624,AGENT
Nov 30 2025,1625,WIDEN
Dec 01 2025,1626,ICILY
Dec 02 2025,1627,SLICE
Dec 03 2025,1628,INGOT
Dec 04 2025,1629,CLASH
Dec 05 2025,1630,JUROR
Dec 06 2025,1631,BLOOD
Dec 07 2025,1632,ABODE
Dec 08 2025,1633,THROW
Dec 09 2025,1634,UNITY
Dec 10 2025,1635,PIVOT
Dec 11 2025,1636,SLEPT
Dec 12 2025,1637,TROOP
Dec 13 2025,1638,SPARE
Dec 14 2025,1639,SEWER
Dec 15 2025,1640,PARSE
Dec 16 2025,1641,MORPH
Dec 17 2025,1642,CACTI
Dec 18 2025,1643,TACKY
Dec 19 2025,1644,SPOOL
Dec 20 2025,1645,DEMON
Dec 21 2025,1646,MOODY
Dec 22 2025,1647,ANNEX
Dec 23 2025,1648,BEGIN
Dec 24 2025,1649,FUZZY
Dec 25 2025,1650,PATCH
Dec 26 2025,1651,WATER
Dec 27 2025,1652,LUMPY
Dec 28 2025,1653,ADMIN
Dec 29 2025,1654,OMEGA
Dec 30 2025,1655,LIMIT
Dec 31 2025,1656,TABBY
Jan 01 2026,1657,MACHO
Jan 02 2026,1658,AISLE
Jan 03 2026,1659,SKIFF
Jan 04 2026,1660,BASIS
Jan 05 2026,1661,PLANK
Jan 06 2026,1662,VERGE
Jan 07 2026,1663,BOTCH
Jan 08 2026,1664,CRAWL
Jan 09 2026,1665,LOUSY
Jan 10 2026,1666,SLAIN
Jan 11 2026,1667,CUBIC
Jan 12 2026,1668,RAISE
Jan 13 2026,1669,WRACK
Jan 14 2026,1670,GUIDE
Jan 15 2026,1671,FOIST
Jan 16 2026,1672,CAMEO
Jan 17 2026,1673,UNDER
Jan 18 2026,1674,ACTOR
Jan 19 2026,1675,REVUE
Jan 20 2026,1676,FRAUD
Jan 21 2026,1677,HARPY
Jan 22 2026,1678,SCOOP
Jan 23 2026,1679,CLIMB
Jan 24 2026,1680,REFER
Jan 25 2026,1681,OLDEN
Jan 26 2026,1682,CLERK
Jan 27 2026,1683,DEBAR
Jan 28 2026,1684,TALLY
Jan 29 2026,1685,ETHIC
Jan 30 2026,1686,CAIRN
Jan 31 2026,1687,TULLE
Feb 01 2026,1688,GHOUL
Feb 02 2026,1689,HILLY
Feb 03 2026,1690,CRUDE
Feb 04 2026,1691,APART
Feb 05 2026,1692,SCALE
Feb 06 2026,1693,OLDER
Feb 07 2026,1694,PLAIN
Feb 08 2026,1695,SPERM
Feb 09 2026,1696,BRINY
Feb 10 2026,1697,ABBOT
Feb 11 2026,1698,RERUN
Feb 12 2026,1699,QUEST
Feb 13 2026,1700,CRISP
Feb 14 2026,1701,BOUND
Feb 15 2026,1702,BEFIT
Feb 16 2026,1703,DRAWN
Feb 17 2026,1704,SUITE
Feb 18 2026,1705,ITCHY
Feb 19 2026,1706,CHEER
Feb 20 2026,1707,BAGEL
Feb 21 2026,1708,GUESS
Feb 22 2026,1709,BROAD
Feb 23 2026,1710,AXIOM
Feb 24 2026,1711,CHARD
Feb 25 2026,1712,CAPUT
Feb 26 2026,1713,LEANT
Feb 27 2026,1714,HARSH
Feb 28 2026,1715,CURSE
Mar 01 2026,1716,PROUD
Mar 02 2026,1717,SWING
Mar 03 2026,1718,OPINE
Mar 04 2026,1719,TASTE
Mar 05 2026,1720,LUPUS
Mar 06 2026,1721,GUMBO
Mar 07 2026,1722,MINER
Mar 08 2026,1723,GREEN
Mar 09 2026,1724,CHASM
Mar 10 2026,1725,LIPID
Mar 11 2026,1726,TOPIC
Mar 12 2026,1727,ARMOR
Mar 13 2026,1728,BRUSH
Mar 14 2026,1729,CRANE
Mar 15 2026,1730,MURAL
Mar 16 2026,1731,ABLED
Mar 17 2026,1732,HABIT
Mar 18 2026,1733,BOSSY
Mar 19 2026,1734,MAKER
Mar 20 2026,1735,DUSKY
Mar 21 2026,1736,DIZZY
Mar 22 2026,1737,LITHE
Mar 23 2026,1738,BROOK
Mar 24 2026,1739,JAZZY
Mar 25 2026,1740,FIFTY
Mar 26 2026,1741,SENSE
Mar 27 2026,1742,GIANT
Mar 28 2026,1743,SURLY
Mar 29 2026,1744,LEGAL
Mar 30 2026,1745,FATAL
Mar 31 2026,1746,FLUNK
Apr 01 2026,1747,BEGAN
Apr 02 2026,1748,PRUNE
Apr 03 2026,1749,SMALL
Apr 04 2026,1750,SLANT
Apr 05 2026,1751,SCOFF
Apr 06 2026,1752,TORUS
Apr 07 2026,1753,NINNY
Apr 08 2026,1754,COVEY
Apr 09 2026,1755,VIPER
Apr 10 2026,1756,TAKEN
Apr 11 2026,1757,MORAL
Apr 12 2026,1758,VOGUE
Apr 13 2026,1759,OWING
Apr 14 2026,1760,TOKEN
Apr 15 2026,1761,ENTRY
Apr 16 2026,1762,BOOTH
Apr 17 2026,1763,VOTER
Apr 18 2026,1764,CHIDE
Apr 19 2026,1765,ELFIN
Apr 20 2026,1766,EBONY
Apr 21 2026,1767,NEIGH
Apr 22 2026,1768,MINIM
Apr 23 2026,1769,MELON
Apr 24 2026,1770,KNEED
Apr 25 2026,1771,DECOY
Apr 26 2026,1772,VOILA
Apr 27 2026,1773,ANKLE
Apr 28 2026,1774,ARROW
Apr 29 2026,1775,MUSHY
Apr 30 2026,1776,TRIBE
May 01 2026,1777,CEASE
May 02 2026,1778,EAGER
May 03 2026,1779,BIRTH
May 04 2026,1780,GRAPH
May 05 2026,1781,ODDER
May 06 2026,1782,TERRA
May 07 2026,1783,WEIRD
May 08 2026,1784,TRIED
May 09 2026,1785,CLACK
May 10 2026,1786,COLOR
May 11 2026,1787,ROUGH
May 12 2026,1788,WEIGH
May 13 2026,1789,UNCUT
May 14 2026,1790,LADLE
May 15 2026,1791,STRIP
May 16 2026,1792,CRAFT
May 17 2026,1793,MINUS
May 18 2026,1794,DICEY
May 19 2026,1795,TITAN
May 20 2026,1796,LUCID
May 21 2026,1797,VICAR
May 22 2026,1798,DRESS
May 23 2026,1799,DITCH
May 24 2026,1800,GYPSY
May 25 2026,1801,PASTA
May 26 2026,1802,TAFFY
May 27 2026,1803,FLAME
May 28 2026,1804,SWOOP
May 29 2026,1805,ALOOF
May 30 2026,1806,SIGHT
May 31 2026,1807,BROKE
Jun 01 2026,1808,TEARY
Jun 02 2026,1809,CHART
Jun 03 2026,1810,SIXTY
Jun 04 2026,1811,WORDY
Jun 05 2026,1812,SHEER
Jun 06 2026,1813,LEPER
Jun 07 2026,1814,NOSEY
Jun 08 2026,1815,BULGE
Jun 09 2026,1816,SAVOR
Jun 10 2026,1817,CLAMP
Jun 11 2026,1818,FUNKY
Jun 12 2026,1819,FOAMY
Jun 13 2026,1820,TOXIC
Jun 14 2026,1821,BRAND
Jun 15 2026,1822,PLUMB
Jun 16 2026,1823,DINGY
Jun 17 2026,1824,BUTTE
Jun 18 2026,1825,DRILL
Jun 19 2026,1826,TRIPE
Jun 20 2026,1827,BICEP
Jun 21 2026,1828,TENOR
Jun 22 2026,1829,KRILL
Jun 23 2026,1830,WORSE
Jun 24 2026,1831,DRAMA
Jun 25 2026,1832,HYENA
Jun 26 2026,1833,THINK
Jun 27 2026,1834,RATIO
Jun 28 2026,1835,COBRA
Jun 29 2026,1836,BASIL
Jun 30 2026,1837,SCRUM
Jul 01 2026,1838,BUSED
Jul 02 2026,1839,PHONE
Jul 03 2026,1840,COURT
Jul 04 2026,1841,CAMEL
Jul 05 2026,1842,PROOF
Jul 06 2026,1843,HEARD
Jul 07 2026,1844,ANGEL
Jul 08 2026,1845,PETAL
Jul 09 2026,1846,POUTY
Jul 10 2026,1847,THROB
Jul 11 2026,1848,MAYBE
Jul 12 2026,1849,FETAL
Jul 13 2026,1850,SPRIG
Jul 14 2026,1851,SPINE
Jul 15 2026,1852,SHOUT
Jul 16 2026,1853,CADET
Jul 17 2026,1854,MACRO
Jul 18 2026,1855,DODGY
Jul 19 2026,1856,SATYR
Jul 20 2026,1857,RARER
Jul 21 2026,1858,BINGE
Jul 22 2026,1859,TREND
Jul 23 2026,1860,NUTTY
Jul 24 2026,1861,LEAPT
Jul 25 2026,1862,AMISS
Jul 26 2026,1863,SPLIT
Jul 27 2026,1864,MYRRH
Jul 28 2026,1865,WIDTH
Jul 29 2026,1866,SONAR
Jul 30 2026,1867,TOWER
Jul 31 2026,1868,BARON
Aug 01 2026,1869,FEVER
Aug 02 2026,1870,WAVER
Aug 03 2026,1871,SPARK
Aug 04 2026,1872,BELIE
Aug 05 2026,1873,SLOOP
Aug 06 2026,1874,EXPEL
Aug 07 2026,1875,SMOTE
Aug 08 2026,1876,BALER
Aug 09 2026,1877,ABOVE
Aug 10 2026,1878,NORTH
Aug 11 2026,1879,WAFER
Aug 12 2026,1880,SCANT
Aug 13 2026,1881,FRILL
Aug 14 2026,1882,AWASH
Aug 15 2026,1883,SNACK
Aug 16 2026,1884,SCOWL
Aug 17 2026,1885,FRAIL
Aug 18 2026,1886,DRIFT
Aug 19 2026,1887,LIMBO
Aug 20 2026,1888,FENCE
Aug 21 2026,1889,MOTEL
Aug 22 2026,1890,OUNCE
Aug 23 2026,1891,WREAK
Aug 24 2026,1892,REVEL
Aug 25 2026,1893,TALON
Aug 26 2026,1894,PRIOR
Aug 27 2026,1895,KNELT
Aug 28 2026,1896,CELLO
Aug 29 2026,1897,FLAKE
Aug 30 2026,1898,DEBUG
Aug 31 2026,1899,ANODE
Sep 01 2026,1900,CRIME
Sep 02 2026,1901,SALVE
Sep 03 2026,1902,SCOUT
Sep 04 2026,1903,IMBUE
Sep 05 2026,1904,PINKY
Sep 06 2026,1905,STAVE
Sep 07 2026,1906,VAGUE
Sep 08 2026,1907,CHOCK
Sep 09 2026,1908,FIGHT
Sep 10 2026,1909,VIDEO
Sep 11 2026,1910,STONE
Sep 12 2026,1911,TEACH
Sep 13 2026,1912,CLEFT
Sep 14 2026,1913,FROST
Sep 15 2026,1914,PRAWN
Sep 16 2026,1915,BOOTY
Sep 17 2026,1916,TWIST
Sep 18 2026,1917,APNEA
Sep 19 2026,1918,STIFF
Sep 20 2026,1919,PLAZA
Sep 21 2026,1920,LEDGE
Sep 22 2026,1921,TWEAK
Sep 23 2026,1922,BOARD
Sep 24 2026,1923,GRANT
Sep 25 2026,1924,MEDIC
Sep 26 2026,1925,BACON
Sep 27 2026,1926,CABLE
Sep 28 2026,1927,BRAWL
Sep 29 2026,1928,SLUNK
Sep 30 2026,1929,RASPY
Oct 01 2026,1930,FORUM
Oct 02 2026,1931,DRONE
Oct 03 2026,1932,WOMEN
Oct 04 2026,1933,MUCUS
Oct 05 2026,1934,BOAST
Oct 06 2026,1935,TODDY
Oct 07 2026,1936,COVEN
Oct 08 2026,1937,TUMOR
Oct 09 2026,1938,TRUER
Oct 10 2026,1939,WRATH
Oct 11 2026,1940,STALL
Oct 12 2026,1941,STEAM
Oct 13 2026,1942,AXIAL
Oct 14 2026,1943,PURER
Oct 15 2026,1944,DAILY
Oct 16 2026,1945,TRAIL
Oct 17 2026,1946,NICHE
Oct 18 2026,1947,MEALY
Oct 19 2026,1948,JUICE
Oct 20 2026,1949,NYLON
Oct 21 2026,1950,PLUMP
Oct 22 2026,1951,MERRY
Oct 23 2026,1952,FLAIL
Oct 24 2026,1953,PAPAL
Oct 25 2026,1954,WHEAT
Oct 26 2026,1955,BERRY
Oct 27 2026,1956,COWER
Oct 28 2026,1957,ERECT
Oct 29 2026,1958,BRUTE
Oct 30 2026,1959,LEGGY
Oct 31 2026,1960,SNIPE
Nov 01 2026,1961,SINEW
Nov 02 2026,1962,SKIER
Nov 03 2026,1963,PENNY
Nov 04 2026,1964,JUMPY
Nov 05 2026,1965,RALLY
Nov 06 2026,1966,UMBRA
Nov 07 2026,1967,SCARY
Nov 08 2026,1968,MODEM
Nov 09 2026,1969,GROSS
Nov 10 2026,1970,AVIAN
Nov 11 2026,1971,GREED
Nov 12 2026,1972,SATIN
Nov 13 2026,1973,TONIC
Nov 14 2026,1974,PARKA
Nov 15 2026,1975,SNIFF
Nov 16 2026,1976,LIVID
Nov 17 2026,1977,STARK
Nov 18 2026,1978,TRUMP
Nov 19 2026,1979,GIDDY
Nov 20 2026,1980,REUSE
Nov 21 2026,1981,TABOO
Nov 22 2026,1982,AVOID
Nov 23 2026,1983,QUOTE
Nov 24 2026,1984,DEVIL
Nov 25 2026,1985,LIKEN
Nov 26 2026,1986,GLOSS
Nov 27 2026,1987,GAYER
Nov 28 2026,1988,BERET
Nov 29 2026,1989,NOISE
Nov 30 2026,1990,GLAND
Dec 01 2026,1991,DEALT
Dec 02 2026,1992,SLING
Dec 03 2026,1993,RUMOR
Dec 04 2026,1994,OPERA
Dec 05 2026,1995,THIGH
Dec 06 2026,1996,TONGA
Dec 07 2026,1997,FLARE
Dec 08 2026,1998,WOUND
Dec 09 2026,1999,WHITE
Dec 10 2026,2000,BULKY
Dec 11 2026,2001,ETUDE
Dec 12 2026,2002,HORSE
Dec 13 2026,2003,CIRCA
Dec 14 2026,2004,PADDY
Dec 15 2026,2005,INBOX
Dec 16 2026,2006,FIZZY
Dec 17 2026,2007,GRAIN
Dec 18 2026,2008,EXERT
Dec 19 2026,2009,SURGE
Dec 20 2026,2010,GLEAM
Dec 21 2026,2011,BELLE
Dec 22 2026,2012,SALVO
Dec 23 2026,2013,CRUSH
Dec 24 2026,2014,FRUIT
Dec 25 2026,2015,SAPPY
Dec 26 2026,2016,TAKER
Dec 27 2026,2017,TRACT
Dec 28 2026,2018,OVINE
Dec 29 2026,2019,SPIKY
Dec 30 2026,2020,FRANK
Dec 31 2026,2021,REEDY
Jan 01 2027,2022,FILTH
Jan 02 2027,2023,SPASM
Jan 03 2027,2024,HEAVE
Jan 04 2027,2025,MAMBO
Jan 05 2027,2026,RIGHT
Jan 06 2027,2027,CLANK
Jan 07 2027,2028,TRUST
Jan 08 2027,2029,LUMEN
Jan 09 2027,2030,BORNE
Jan 10 2027,2031,SPOOK
Jan 11 2027,2032,SAUCE
Jan 12 2027,2033,AMBER
Jan 13 2027,2034,LATHE
Jan 14 2027,2035,CARAT
Jan 15 2027,2036,CORER
Jan 16 2027,2037,DIRTY
Jan 17 2027,2038,SLYLY
Jan 18 2027,2039,AFFIX
Jan 19 2027,2040,ALLOY
Jan 20 2027,2041,TAINT
Jan 21 2027,2042,SHEEP
Jan 22 2027,2043,KINKY
Jan 23 2027,2044,WOOLY
Jan 24 2027,2045,MAUVE
Jan 25 2027,2046,FLUNG
Jan 26 2027,2047,YACHT
Jan 27 2027,2048,FRIED
Jan 28 2027,2049,QUAIL
Jan 29 2027,2050,BRUNT
Jan 30 2027,2051,GRIMY
Jan 31 2027,2052,CURVY
Feb 01 2027,2053,CAGEY
Feb 02 2027,2054,RINSE
Feb 03 2027,2055,DEUCE
Feb 04 2027,2056,STATE
Feb 05 2027,2057,GRASP
Feb 06 2027,2058,MILKY
Feb 07 2027,2059,BISON
Feb 08 2027,2060,GRAFT
Feb 09 2027,2061,SANDY
Feb 10 2027,2062,BASTE
Feb 11 2027,2063,FLASK
Feb 12 2027,2064,HEDGE
Feb 13 2027,2065,GIRLY
Feb 14 2027,2066,SWASH
Feb 15 2027,2067,BONEY
Feb 16 2027,2068,COUPE
Feb 17 2027,2069,ENDOW
Feb 18 2027,2070,ABHOR
Feb 19 2027,2071,WELCH
Feb 20 2027,2072,BLADE
Feb 21 2027,2073,TIGHT
Feb 22 2027,2074,GEESE
Feb 23 2027,2075,MISER
Feb 24 2027,2076,MIRTH
Feb 25 2027,2077,CLOUD
Feb 26 2027,2078,CABAL
Feb 27 2027,2079,LEECH
Feb 28 2027,2080,CLOSE
Mar 01 2027,2081,TENTH
Mar 02 2027,2082,PECAN
Mar 03 2027,2083,DROIT
Mar 04 2027,2084,GRAIL
Mar 05 2027,2085,CLONE
Mar 06 2027,2086,GUISE
Mar 07 2027,2087,RALPH
Mar 08 2027,2088,TANGO
Mar 09 2027,2089,BIDDY
Mar 10 2027,2090,SMITH
Mar 11 2027,2091,MOWER
Mar 12 2027,2092,PAYEE
Mar 13 2027,2093,SERIF
Mar 14 2027,2094,DRAPE
Mar 15 2027,2095,FIFTH
Mar 16 2027,2096,SPANK
Mar 17 2027,2097,GLAZE
Mar 18 2027,2098,ALLOT
Mar 19 2027,2099,TRUCK
Mar 20 2027,2100,KAYAK
Mar 21 2027,2101,VIRUS
Mar 22 2027,2102,TESTY
Mar 23 2027,2103,TEPEE
Mar 24 2027,2104,FULLY
Mar 25 2027,2105,ZONAL
Mar 26 2027,2106,METRO
Mar 27 2027,2107,CURRY
Mar 28 2027,2108,GRAND
Mar 29 2027,2109,BANJO
Mar 30 2027,2110,AXION
Mar 31 2027,2111,BEZEL
Apr 01 2027,2112,OCCUR
Apr 02 2027,2113,CHAIN
Apr 03 2027,2114,NASAL
Apr 04 2027,2115,GOOEY
Apr 05 2027,2116,FILER
Apr 06 2027,2117,BRACE
Apr 07 2027,2118,ALLAY
Apr 08 2027,2119,PUBIC
Apr 09 2027,2120,RAVEN
Apr 10 2027,2121,PLEAD
Apr 11 2027,2122,GNASH
Apr 12 2027,2123,FLAKY
Apr 13 2027,2124,MUNCH
Apr 14 2027,2125,DULLY
Apr 15 2027,2126,EKING
Apr 16 2027,2127,THING
Apr 17 2027,2128,SLINK
Apr 18 2027,2129,HURRY
Apr 19 2027,2130,THEFT
Apr 20 2027,2131,SHORN
Apr 21 2027,2132,PYGMY
Apr 22 2027,2133,RANCH
Apr 23 2027,2134,WRING
Apr 24 2027,2135,LEMON
Apr 25 2027,2136,SHORE
Apr 26 2027,2137,MAMMA
Apr 27 2027,2138,FROZE
Apr 28 2027,2139,NEWER
Apr 29 2027,2140,STYLE
Apr 30 2027,2141,MOOSE
May 01 2027,2142,ANTIC
May 02 2027,2143,DROWN
May 03 2027,2144,VEGAN
May 04 2027,2145,CHESS
May 05 2027,2146,GUPPY
May 06 2027,2147,UNION
May 07 2027,2148,LEVER
May 08 2027,2149,LORRY
May 09 2027,2150,IMAGE
May 10 2027,2151,CABBY
May 11 2027,2152,DRUID
May 12 2027,2153,EXACT
May 13 2027,2154,TRUTH
May 14 2027,2155,DOPEY
May 15 2027,2156,SPEAR
May 16 2027,2157,CRIED
May 17 2027,2158,CHIME
May 18 2027,2159,CRONY
May 19 2027,2160,STUNK
May 20 2027,2161,TIMID
May 21 2027,2162,BATCH
May 22 2027,2163,GAUGE
May 23 2027,2164,ROTOR
May 24 2027,2165,CRACK
May 25 2027,2166,CURVE
May 26 2027,2167,LATTE
May 27 2027,2168,WITCH
May 28 2027,2169,BUNCH
May 29 2027,2170,REPEL
May 30 2027,2171,ANVIL
May 31 2027,2172,SOAPY
Jun 01 2027,2173,METER
Jun 02 2027,2174,BROTH
Jun 03 2027,2175,MADLY
Jun 04 2027,2176,DRIED
Jun 05 2027,2177,SCENE
Jun 06 2027,2178,KNOWN
Jun 07 2027,2179,MAGMA
Jun 08 2027,2180,ROOST
Jun 09 2027,2181,WOMAN
Jun 10 2027,2182,THONG
Jun 11 2027,2183,PUNCH
Jun 12 2027,2184,PASTY
Jun 13 2027,2185,DOWNY
Jun 14 2027,2186,KNEAD
Jun 15 2027,2187,WHIRL
Jun 16 2027,2188,RAPID
Jun 17 2027,2189,CLANG
Jun 18 2027,2190,ANGER
Jun 19 2027,2191,DRIVE
Jun 20 2027,2192,GOOFY
Jun 21 2027,2193,EMAIL
Jun 22 2027,2194,MUSIC
Jun 23 2027,2195,STUFF
Jun 24 2027,2196,BLEEP
Jun 25 2027,2197,RIDER
Jun 26 2027,2198,MECCA
Jun 27 2027,2199,FOLIO
Jun 28 2027,2200,SETUP
Jun 29 2027,2201,VERSO
Jun 30 2027,2202,QUASH
Jul 01 2027,2203,FAUNA
Jul 02 2027,2204,GUMMY
Jul 03 2027,2205,HAPPY
Jul 04 2027,2206,NEWLY
Jul 05 2027,2207,FUSSY
Jul 06 2027,2208,RELIC
Jul 07 2027,2209,GUAVA
Jul 08 2027,2210,RATTY
Jul 09 2027,2211,FUDGE
Jul 10 2027,2212,FEMUR
Jul 11 2027,2213,CHIRP
Jul 12 2027,2214,FORTE
Jul 13 2027,2215,ALIBI
Jul 14 2027,2216,WHINE
Jul 15 2027,2217,PETTY
Jul 16 2027,2218,GOLLY
Jul 17 2027,2219,PLAIT
Jul 18 2027,2220,FLECK
Jul 19 2027,2221,FELON
Jul 20 2027,2222,GOURD
Jul 21 2027,2223,BROWN
Jul 22 2027,2224,THRUM
Jul 23 2027,2225,FICUS
Jul 24 2027,2226,STASH
Jul 25 2027,2227,DECRY
Jul 26 2027,2228,WISER
Jul 27 2027,2229,JUNTA
Jul 28 2027,2230,VISOR
Jul 29 2027,2231,DAUNT
Jul 30 2027,2232,SCREE
Jul 31 2027,2233,IMPEL
Aug 01 2027,2234,AWAIT
Aug 02 2027,2235,PRESS
Aug 03 2027,2236,WHOSE
Aug 04 2027,2237,TURBO
Aug 05 2027,2238,STOOP
Aug 06 2027,2239,SPEAK
Aug 07 2027,2240,MANGY
Aug 08 2027,2241,EYING
Aug 09 2027,2242,INLET
Aug 10 2027,2243,CRONE
Aug 11 2027,2244,PULSE
Aug 12 2027,2245,MOSSY
Aug 13 2027,2246,STAID
Aug 14 2027,2247,HENCE
Aug 15 2027,2248,PINCH
Aug 16 2027,2249,TEDDY
Aug 17 2027,2250,SULLY
Aug 18 2027,2251,SNORE
Aug 19 2027,2252,RIPEN
Aug 20 2027,2253,SNOWY
Aug 21 2027,2254,ATTIC
Aug 22 2027,2255,GOING
Aug 23 2027,2256,LEACH
Aug 24 2027,2257,MOUTH
Aug 25 2027,2258,HOUND
Aug 26 2027,2259,CLUMP
Aug 27 2027,2260,TONAL
Aug 28 2027,2261,BIGOT
Aug 29 2027,2262,PERIL
Aug 30 2027,2263,PIECE
Aug 31 2027,2264,BLAME
Sep 01 2027,2265,HAUTE
Sep 02 2027,2266,SPIED
Sep 03 2027,2267,UNDID
Sep 04 2027,2268,INTRO
Sep 05 2027,2269,BASAL
Sep 06 2027,2270,SHINE
Sep 07 2027,2271,GECKO
Sep 08 2027,2272,RODEO
Sep 09 2027,2273,GUARD
Sep 10 2027,2274,STEER
Sep 11 2027,2275,LOAMY
Sep 12 2027,2276,SCAMP
Sep 13 2027,2277,SCRAM
Sep 14 2027,2278,MANLY
Sep 15 2027,2279,HELLO
Sep 16 2027,2280,VAUNT
Sep 17 2027,2281,ORGAN
Sep 18 2027,2282,FERAL
Sep 19 2027,2283,KNOCK
Sep 20 2027,2284,EXTRA
Sep 21 2027,2285,CONDO
Sep 22 2027,2286,ADAPT
Sep 23 2027,2287,WILLY
Sep 24 2027,2288,POLKA
Sep 25 2027,2289,RAYON
Sep 26 2027,2290,SKIRT
Sep 27 2027,2291,FAITH
Sep 28 2027,2292,TORSO
Sep 29 2027,2293,MATCH
Sep 30 2027,2294,MERCY
Oct 01 2027,2295,TEPID
Oct 02 2027,2296,SLEEK
Oct 03 2027,2297,RISER
Oct 04 2027,2298,TWIXT
Oct 05 2027,2299,PEACE
Oct 06 2027,2300,FLUSH
Oct 07 2027,2301,CATTY
Oct 08 2027,2302,LOGIN
Oct 09 2027,2303,EJECT
Oct 10 2027,2304,ROGER
Oct 11 2027,2305,RIVAL
Oct 12 2027,2306,UNTIE
Oct 13 2027,2307,REFIT
Oct 14 2027,2308,AORTA
Oct 15 2027,2309,ADULT
Oct 16 2027,2310,JUDGE
Oct 17 2027,2311,ROWER
Oct 18 2027,2312,ARTSY
Oct 19 2027,2313,RURAL
Oct 20 2027,2314,SHAVE